178.204.86.255,80,hikvision
178.205.131.43,80,hikvision
185.148.217.56,80,hikvision
92.255.205.144,80,hikvision
91.144.158.128,80,hikvision
178.206.77.111,80,hikvision
178.206.231.216,81,hikvision
109.248.241.95,80,hikvision
178.205.96.51,80,hikvision
178.204.138.17,80,hikvision
217.66.27.16,80,hikvision
185.6.81.210,80,hikvision
176.215.46.37,81,hikvision
178.206.231.216,82,hikvision
178.206.231.216,83,hikvision
178.206.231.216,84,hikvision
78.138.176.223,80,dahua
81.23.153.36,8080,hikvision
81.23.157.109,8080,hikvision
178.205.105.219,82,xiongmai
178.205.139.13,8080,hikvision
145.255.232.126,8080,dahua
178.207.15.62,8080,hikvision
188.225.96.115,8080,dahua
217.173.17.27,8080,hikvision
185.6.83.54,8080,dahua
217.173.17.30,8081,hikvision
217.66.27.16,8081,hikvision
2.56.182.239,8081,hikvision
178.205.107.217,80,dahua
178.205.111.131,80,dahua
178.205.107.210,80,dahua
178.205.107.210,83,xiongmai
