171.6.160.72,80,hikvision
171.97.6.238,80,hikvision
171.97.170.123,80,hikvision
171.96.249.215,81,hikvision
171.97.249.245,81,hikvision
171.97.107.240,80,hikvision
171.97.249.85,82,hikvision
171.6.104.190,81,hikvision
171.7.105.80,81,hikvision
171.6.188.136,81,hikvision
171.97.123.251,81,hikvision
171.6.154.1,81,hikvision
171.7.96.126,81,hikvision
171.97.131.33,81,hikvision
171.96.148.72,81,hikvision
171.97.131.238,81,hikvision
171.7.133.174,81,hikvision
171.97.249.225,81,hikvision
171.96.83.221,81,hikvision
171.99.133.114,81,hikvision
171.7.36.202,82,hikvision
171.97.235.75,82,hikvision
171.7.101.176,81,hikvision
171.7.105.80,82,hikvision
171.96.86.48,80,dvr
171.7.47.121,82,hikvision
171.7.99.9,83,hikvision
171.7.99.9,84,hikvision
171.7.8.244,85,hikvision
171.7.61.125,85,hikvision
171.6.29.216,85,hikvision
171.7.17.112,85,hikvision
171.7.80.50,85,hikvision
171.97.217.30,88,hikvision
171.7.89.43,88,hikvision
171.97.131.208,88,hikvision
171.97.154.118,8088,hikvision
171.97.217.196,8001,hikvision
171.96.86.48,8080,dvr
171.97.123.47,8000,avtech
171.7.108.38,8080,hikvision
171.97.170.187,85,hikvision
171.97.159.62,88,hikvision
171.97.170.140,81,dahua
171.7.133.89,81,dahua
171.6.106.51,85,dahua
171.7.16.131,8081,hikvision
171.7.129.105,88,dahua
171.97.131.248,9000,dvr
